www.wxjjmr.com,2
www.jcxueshu.com,2
www.lazxsf.com,6
www.741bb.com,2
492377a.com,2
www.0505se.com,6
thjchy.com,6
www.dksdrift.com,6
www.xiexie58.com,2
www.51osc.com,2
944212.com,2
8bao6.com,2
www.sdhbyh.com,2
www.adcadx.com,2
www.kwgzjx.com,2
www.kzsolder.com,2
www.szrfa.com,2
www.jiudianzp.com,2
www.shsjxr.com,2
mzlvwang.com,2
www.junjuyuan.com,2
www.lgs1688.com,2
fcdm5.com,2
www.ahlknf.com,2
www.puan360.com,2
rihongzhuangshi.com,2
www.nnpaotui.com,2
www.yuese121.com,2
yutu888.com,2
www.splxny.com,2
www.wwenl.com,2